Id,FirstName,SurName
1,Phil,Idle
2,Niven,Axcel
3,Brinn,Dickin
4,Tandy,Kilcullen
5,Bone,Fallowfield
6,Hobard,Meadway
7,Ursuline,Commuzzo
8,Traver,Sarney
9,Linnell,Manvelle
10,Oran,Oherlihy
11,Karolina,Siggee
12,Cindra,Dulanty
13,Armand,Grigolashvill
14,Paulie,Barrable
15,Stacee,Deeming
16,Bartie,MacTimpany
17,Ange,Legendre
18,Kennan,Ellwood
19,Tyson,Pellington
20,Kippar,Kobpal
21,Davidson,Jackes
22,Barbey,Sedger
23,Sargent,Escritt
24,Lemar,Shurmore
25,Micheil,Crosdill
26,Gill,Rosenkranc
27,Gare,Younie
28,Brunhilda,Jerdein
29,Valentina,Oldcote
30,Shaylah,Durnin
31,Quent,Scohier
32,Geraldine,Terran
33,Penn,Cudiff
34,Franciska,Lemerie
35,Belva,Pawlata
36,Davida,World
37,Lenka,Paley
38,Jo-ann,Seymer
39,Linell,Rowan
40,Kacie,Jordan
41,Julio,Burtenshaw
42,Edith,Twallin
43,Krissy,Limpenny
44,Ramsey,Elsop
45,Ruprecht,McKleod
46,Matt,Monteath
47,Karlotte,Warby
48,Daphna,Fayter
49,Clerc,Faragan
50,Sandro,Truckell
51,Claudetta,Sutterby
52,Jae,Artois
53,Tilly,Cowely
54,Shalom,Galfour
55,Horst,Mycroft
56,Windham,Hadrill
57,Natal,Gerrell
58,Arlen,Berryman
59,Eric,Prendergast
60,Yvette,Vlasenko
61,Jarad,Saunton
62,Kayne,Peppett
63,Georgi,Puddephatt
64,Bartel,Haucke
65,Nikos,Fenner
66,Mack,Wind
67,Nydia,Crisall
68,Dorelia,Craggs
69,Carilyn,Hannant
70,Godfree,Guppie
71,Boonie,Lakeland
72,Ferd,Anster
73,Dionne,Barizeret
74,Way,Chamney
75,Lindie,Voak
76,Isaak,Biffin
77,Frannie,Tanslie
78,Conroy,Sivewright
79,Eula,Roubeix
80,Katee,Maven
81,Fleurette,Enderlein
82,Constantino,Dowdam
83,Kali,Sives
84,Glenn,Parcall
85,Roxi,Ferber
86,Gabey,Stolte
87,Tanney,Uzzell
88,Sydney,Lerigo
89,Burg,Arends
90,Carry,Ludwell
91,Fifine,Jakubski
92,Christabella,Gagie
93,Goldia,Denty
94,Terese,Dunsire
95,Ellen,Banfill
96,Creighton,Valencia
97,Ram,Orchard
98,Rosie,Cracoe
99,Cindelyn,Snailham
100,Onfre,Maccaddie
