Id,UserName,UserAddress,OtherUserDetails,AmountOfFine,Email,PhoneNumber
1,lblackah0,0 Paget Junction,Focused dynamic installation,$11.24 ,dtampen0@state.gov,(136) 6652189
2,eheigho1,0514 Kenwood Road,Multi-layered 4th generation hierarchy,$3.96 ,daarons1@simplemachines.org,(690) 8565039
3,vwestover2,9467 American Hill,Visionary logistical migration,$0.69 ,kmeritt2@cyberchimps.com,(755) 6893397
4,oshave3,1 Londonderry Point,Open-architected bi-directional focus group,$3.43 ,cbennitt3@chronoengine.com,(269) 1612672
5,okosiada4,017 Saint Paul Pass,Expanded motivating strategy,$3.24 ,akleinstub4@macromedia.com,(928) 6501468
6,sredsall5,78732 Eagan Drive,Grass-roots eco-centric instruction set,$13.76 ,ebrackley5@engadget.com,(394) 7334554
7,gruprecht6,8277 Welch Parkway,Assimilated zero administration toolset,$17.71 ,smccallam6@go.com,(761) 3014448
8,lwhitham7,512 Carey Plaza,Operative hybrid website,$22.66 ,amolson7@chronoengine.com,(412) 1070903
9,akuhndel8,10 Hanson Trail,Reverse-engineered didactic workforce,$6.72 ,aovett8@nydailynews.com,(567) 1888161
10,mimlin9,481 Warner Point,Compatible optimizing Graphic Interface,$22.64 ,byearns9@hc360.com,(300) 7256201
11,rlamymana,907 Myrtle Center,Synergized bi-directional productivity,$4.16 ,cbarfitta@moonfruit.com,(276) 3075366
12,kjumontb,0 Red Cloud Circle,Re-contextualized contextually-based intranet,$28.33 ,mpurchaseb@mit.edu,(488) 2165464
13,npeppardc,2 Killdeer Hill,Operative value-added pricing structure,$23.29 ,gwigfallc@networkadvertising.org,(760) 5830436
14,avassalld,21 Butterfield Drive,Re-contextualized content-based instruction set,$9.92 ,gduncansond@mozilla.org,(287) 9452418
15,pperringtone,585 Redwing Alley,Digitized intangible capacity,$29.13 ,npetrolloe@mozilla.com,(587) 2223590
16,jmasseyf,84310 Dottie Lane,Synergistic multi-tasking implementation,$6.19 ,etoffalof@sourceforge.net,(664) 4113246
17,aconrathg,4723 Acker Crossing,Synergized regional database,$1.85 ,arouffg@unc.edu,(368) 8244006
18,dspindlerh,6793 Sycamore Trail,Decentralized next generation intranet,$7.08 ,dmouncherh@sakura.ne.jp,(808) 9969036
19,jlidsteri,08593 Talisman Alley,Progressive optimizing functionalities,$9.82 ,smadrelli@google.es,(462) 5484429
20,vhaselupj,4 Talisman Crossing,Configurable mobile hardware,$6.38 ,ygallimorej@nba.com,(303) 7261389
21,rsmorthitk,4 Lake View Parkway,Horizontal uniform instruction set,$13.53 ,elyndsk@oakley.com,(138) 2136353
22,gbrindleyl,3 Tennyson Center,Exclusive logistical product,$27.58 ,jalywenl@webmd.com,(647) 8975982
23,kblatherwickm,7 Laurel Avenue,De-engineered homogeneous array,$20.28 ,rlindhem@npr.org,(330) 2740424
24,jreltonn,1 1st Circle,Profound attitude-oriented toolset,$2.69 ,tbowdlern@go.com,(739) 6149084
25,tstegerso,349 Pepper Wood Terrace,Optimized discrete capability,$29.34 ,lrozenzweigo@uol.com.br,(233) 4784104
26,tbirckmannp,05 Nobel Park,Optimized actuating project,$6.30 ,kudenp@arstechnica.com,(445) 4795585
27,nmelsomq,80 Oak Valley Park,User-friendly radical moderator,$18.78 ,ltommasuzziq@bizjournals.com,(829) 9294294
28,gmcerlainer,36460 Talmadge Avenue,Networked directional help-desk,$0.94 ,etatfordr@purevolume.com,(111) 4540514
29,kcayles,569 Rieder Trail,Up-sized full-range database,$15.88 ,qcowlards@wiley.com,(186) 1804949
30,wbolzmannt,876 Independence Trail,Enterprise-wide grid-enabled initiative,$19.93 ,msturdeyt@hhs.gov,(488) 6885807
31,sglasonu,00 Alpine Point,Polarised fresh-thinking parallelism,$13.79 ,kwatheyu@youtube.com,(680) 5396361
32,slabatiev,06473 North Plaza,Multi-layered object-oriented encryption,$4.46 ,jturtonv@unesco.org,(262) 4889569
33,chalbordw,30818 Scoville Hill,Implemented asymmetric hierarchy,$15.53 ,gvittew@xrea.com,(252) 3839559
34,ieccottx,41344 Canary Junction,Monitored scalable customer loyalty,$19.87 ,tgergelyx@ucoz.com,(444) 5453623
35,vshiely,41696 Graedel Terrace,Realigned secondary paradigm,$2.12 ,achaziery@domainmarket.com,(825) 8524396
36,cschildz,6 Sunnyside Junction,Synergized mission-critical instruction set,$21.17 ,rfoskewz@ehow.com,(321) 2984828
37,zblackeby10,94988 Commercial Junction,Exclusive eco-centric frame,$13.56 ,lcornick10@rakuten.co.jp,(589) 2657891
38,bprowse11,404 Derek Pass,Cross-group 3rd generation Graphic Interface,$14.26 ,sades11@yahoo.com,(303) 7937391
39,gasel12,5440 Helena Pass,Self-enabling zero defect framework,$16.55 ,treiling12@quantcast.com,(710) 5905974
40,cneame13,8 Brown Terrace,Enhanced incremental data-warehouse,$11.83 ,lleyman13@ustream.tv,(416) 4315543
41,itreadgall14,0 Mockingbird Road,Horizontal zero tolerance middleware,$3.21 ,dlydall14@cdc.gov,(511) 3996741
42,ballday15,63165 Katie Center,Face to face incremental project,$17.08 ,rwhiffin15@cdc.gov,(620) 1484786
43,thasling16,850 Linden Way,Decentralized asymmetric knowledge user,$29.81 ,mtumioto16@moonfruit.com,(484) 8559249
44,alimrick17,0 Basil Court,Triple-buffered bottom-line encoding,$25.41 ,ekachel17@tinypic.com,(824) 3528818
45,kboyles18,951 Oriole Alley,Open-architected contextually-based definition,$10.17 ,gschnieder18@desdev.cn,(794) 4356953
46,lreeders19,442 West Center,Stand-alone maximized framework,$10.40 ,mlinfitt19@blog.com,(373) 5771366
47,wweddup1a,2 Almo Trail,Multi-tiered directional customer loyalty,$4.64 ,dbenediktsson1a@ucoz.ru,(707) 6412160
48,ajoppich1b,49369 Springview Lane,Multi-tiered incremental task-force,$4.46 ,mthurnham1b@joomla.org,(560) 8540585
49,ehousley1c,7 Trailsway Court,Customizable system-worthy instruction set,$21.91 ,abourrel1c@nifty.com,(688) 3678867
50,bshallcross1d,7 Pond Way,Total multi-tasking toolset,$4.92 ,sabad1d@alexa.com,(475) 3828508
51,tbearward1e,85 Logan Street,Ergonomic discrete help-desk,$0.98 ,hsiemens1e@usgs.gov,(798) 6205534
52,ccramp1f,33999 Hanson Park,Inverse systemic capacity,$4.12 ,smcquaide1f@mapquest.com,(927) 2583582
53,tvarker1g,68687 Esch Trail,Mandatory attitude-oriented core,$24.05 ,ddevons1g@apple.com,(389) 9295355
54,sbiever1h,82 Roth Junction,Secured user-facing application,$19.49 ,mcelier1h@theglobeandmail.com,(476) 8450273
55,dstearne1i,216 Dahle Crossing,Operative didactic interface,$11.63 ,sbertomeu1i@behance.net,(596) 7836963
56,malbone1j,7 Hoffman Trail,Exclusive maximized application,$19.13 ,dparzizek1j@phpbb.com,(448) 8707605
57,ncastlake1k,6898 Novick Crossing,Open-architected uniform algorithm,$24.10 ,rgobel1k@cnet.com,(964) 4579092
58,swakerley1l,081 Badeau Point,Operative incremental initiative,$15.41 ,dkenneway1l@mapquest.com,(423) 4525655
59,pmildmott1m,6 Raven Parkway,Total human-resource toolset,$5.42 ,adarrell1m@myspace.com,(936) 2278316
60,kkeatley1n,2037 Butterfield Pass,Cloned logistical leverage,$13.84 ,tmarxsen1n@creativecommons.org,(508) 2430339
61,ndone1o,4 3rd Point,Progressive 4th generation toolset,$16.51 ,rbenezet1o@soup.io,(991) 8038557
62,mbrugmann1p,412 Reinke Trail,Virtual logistical functionalities,$6.59 ,fhellwing1p@prlog.org,(359) 4514358
63,sostler1q,7 Stephen Junction,Managed systemic hub,$15.41 ,sjanousek1q@google.cn,(136) 7020916
64,labercrombie1r,61 Thackeray Trail,Versatile maximized parallelism,$21.04 ,kmetcalfe1r@furl.net,(522) 4654785
65,jdestouche1s,4 Jana Avenue,Self-enabling web-enabled task-force,$9.20 ,fthorington1s@un.org,(610) 8604106
66,gparell1t,06714 Farwell Alley,Multi-lateral needs-based intranet,$5.91 ,ltangye1t@telegraph.co.uk,(911) 8725680
67,ifragino1u,88 Porter Center,Streamlined clear-thinking synergy,$0.59 ,vnaile1u@mysql.com,(344) 1784111
68,mholborn1v,36407 Esch Way,Team-oriented solution-oriented challenge,$2.06 ,nhugonin1v@webs.com,(647) 8928865
69,csallnow1w,7998 4th Trail,Decentralized human-resource benchmark,$1.38 ,ksyme1w@army.mil,(987) 1354879
70,mchichgar1x,1378 Bobwhite Drive,Robust web-enabled success,$25.06 ,smitchenson1x@unicef.org,(834) 4247997
71,hgethins1y,6 Westend Alley,Front-line regional pricing structure,$18.08 ,lblasing1y@prweb.com,(500) 4574909
72,wvipan1z,8 Buell Avenue,Universal directional implementation,$16.92 ,bbarca1z@xrea.com,(781) 5791471
73,cranklin20,63872 Shelley Terrace,Self-enabling eco-centric capability,$15.82 ,fharmar20@msn.com,(826) 5969912
74,jbeckey21,1756 Darwin Way,Intuitive interactive array,$29.76 ,palford21@tripadvisor.com,(812) 8146940
75,qwemes22,10310 Hoard Drive,Mandatory global task-force,$29.68 ,lcondie22@spiegel.de,(540) 4773969
76,dewells23,2067 Stuart Trail,Multi-lateral cohesive definition,$8.15 ,atregona23@wsj.com,(430) 6739353
77,mdaingerfield24,4325 Dawn Terrace,Programmable discrete data-warehouse,$0.51 ,lgreschke24@ucoz.com,(595) 3761373
78,kczyz25,26 Holmberg Park,Versatile motivating framework,$9.32 ,bgrady25@fotki.com,(526) 6527574
79,dgosneye26,7753 Schlimgen Terrace,Cross-group motivating process improvement,$8.86 ,sasple26@dedecms.com,(285) 2153054
80,mmaidment27,8 Glendale Road,Compatible mobile pricing structure,$25.32 ,sthorburn27@intel.com,(916) 7456643
81,arosenstiel28,893 Lerdahl Junction,Switchable multi-tasking info-mediaries,$12.56 ,gbelchamp28@ftc.gov,(900) 4017979
82,gbirk29,8892 Pleasure Center,Triple-buffered fresh-thinking orchestration,$23.67 ,rkeston29@sciencedaily.com,(356) 3246283
83,fdumbrill2a,2624 5th Junction,Front-line executive challenge,$27.99 ,joldred2a@nps.gov,(222) 3067860
84,hdrayn2b,8494 Lotheville Junction,Virtual 24 hour productivity,$3.38 ,lwillars2b@flickr.com,(898) 6743339
85,hhatwell2c,945 Hudson Terrace,Innovative non-volatile utilisation,$16.81 ,cdibiagio2c@linkedin.com,(813) 8234492
86,medon2d,5190 Kedzie Street,Optimized asymmetric artificial intelligence,$11.07 ,blubbock2d@answers.com,(595) 1800141
87,sdanilovitch2e,4 Sherman Park,Public-key human-resource pricing structure,$3.10 ,sstovine2e@zimbio.com,(465) 2619861
88,mbenezeit2f,90420 Meadow Vale Point,Total encompassing service-desk,$16.83 ,mogriffin2f@cbsnews.com,(370) 7312737
89,ahundey2g,75 Dwight Street,Visionary contextually-based leverage,$18.79 ,wbudden2g@wunderground.com,(560) 8663655
90,fsherrock2h,60628 Atwood Street,Progressive intangible Graphical User Interface,$21.73 ,kwimmers2h@washingtonpost.com,(210) 2017041
91,ccorns2i,982 Norway Maple Lane,Operative object-oriented workforce,$24.03 ,merat2i@bbc.co.uk,(867) 4152694
92,rvilla2j,84 Bunting Court,Object-based heuristic orchestration,$29.39 ,kohone2j@statcounter.com,(856) 7941690
93,jmellem2k,69 Rieder Trail,Automated methodical secured line,$17.81 ,mayree2k@ucla.edu,(698) 5336631
94,ehalewood2l,916 Reinke Way,De-engineered reciprocal info-mediaries,$14.29 ,mtupp2l@g.co,(494) 6302146
95,rmicah2m,68 Toban Drive,Exclusive multi-state alliance,$7.67 ,kfielders2m@samsung.com,(145) 2161128
96,bbrittlebank2n,58152 Memorial Trail,Phased national implementation,$23.84 ,vhayter2n@nymag.com,(852) 8814065
97,jjahncke2o,2419 Vermont Avenue,Synergistic stable toolset,$28.42 ,bheskey2o@adobe.com,(558) 6431673
98,deberts2p,8348 Duke Way,Team-oriented fresh-thinking secured line,$4.84 ,tduffill2p@etsy.com,(642) 3599610
99,pjolliffe2q,4 Arapahoe Road,Integrated real-time solution,$18.47 ,nmansbridge2q@jalbum.net,(725) 3312068
100,dsmorthit2r,1627 Pepper Wood Terrace,Quality-focused intermediate benchmark,$14.79 ,ahaliday2r@latimes.com,(218) 3791188
